ID_Venda,Data,ID_Cliente,SKU_Produto,Quantidade
1,2023-08-07,284,SKU-73390,5
2,2023-04-01,285,SKU-72688,5
3,2023-12-05,265,SKU-56131,9
4,2023-05-06,81,SKU-26460,5
5,2023-08-03,194,SKU-22668,10
6,2023-05-27,443,SKU-10889,3
7,2023-08-15,407,SKU-35933,1
8,2023-03-02,256,SKU-25929,2
9,2023-12-19,188,SKU-56131,6
10,2023-07-11,81,SKU-37178,2
11,2023-08-30,294,SKU-59806,1
12,2023-06-05,113,SKU-26147,1
13,2023-01-12,196,SKU-94109,2
14,2023-07-12,380,SKU-91071,4
15,2023-05-08,457,SKU-50582,4
16,2023-12-20,480,SKU-92162,4
17,2023-11-23,286,SKU-26460,7
18,2023-10-24,415,SKU-19189,7
19,2023-01-02,425,SKU-69331,4
20,2023-11-20,273,SKU-86759,1
21,2023-05-14,497,SKU-25095,4
22,2023-06-11,99,SKU-56364,6
23,2023-06-30,118,SKU-20568,6
24,2023-02-09,344,SKU-19189,10
25,2023-09-22,28,SKU-30274,7
26,2023-08-20,364,SKU-19290,3
27,2023-03-20,47,SKU-68595,3
28,2023-11-02,450,SKU-26147,10
29,2023-09-14,141,SKU-79560,3
30,2023-11-16,379,SKU-94109,3
31,2023-12-16,13,SKU-67575,9
32,2023-04-28,30,SKU-68873,1
33,2023-05-18,1,SKU-53822,10
34,2023-09-27,174,SKU-25095,3
35,2023-03-05,194,SKU-92162,9
36,2023-08-09,338,SKU-86759,4
37,2023-12-18,201,SKU-72849,2
38,2023-04-23,275,SKU-68873,6
39,2023-05-16,483,SKU-10889,7
40,2023-12-28,453,SKU-86759,3
41,2023-12-07,24,SKU-72688,1
42,2023-08-19,189,SKU-92162,6
43,2023-04-27,351,SKU-22668,8
44,2023-11-08,163,SKU-97371,10
45,2023-04-20,98,SKU-37873,4
46,2023-07-30,238,SKU-59736,10
47,2023-01-28,100,SKU-36297,5
48,2023-09-22,267,SKU-69331,7
49,2023-03-22,305,SKU-37873,3
50,2023-01-01,182,SKU-68595,8
51,2023-09-07,20,SKU-37178,5
52,2023-12-22,383,SKU-28878,6
53,2023-01-08,68,SKU-50055,5
54,2023-01-23,68,SKU-30274,1
55,2023-02-17,401,SKU-77662,8
56,2023-06-30,64,SKU-99850,7
57,2023-12-15,411,SKU-26147,9
58,2023-08-06,393,SKU-26147,9
59,2023-11-11,241,SKU-46571,7
60,2023-02-26,12,SKU-67575,4
61,2023-08-16,21,SKU-20568,10
62,2023-01-15,339,SKU-19189,10
63,2023-03-06,255,SKU-50582,3
64,2023-05-27,328,SKU-69331,9
65,2023-02-18,192,SKU-47207,8
66,2023-07-24,259,SKU-25095,4
67,2023-03-02,111,SKU-56131,9
68,2023-12-30,226,SKU-36297,3
69,2023-11-30,302,SKU-72849,7
70,2023-05-21,223,SKU-53822,6
71,2023-09-07,416,SKU-20568,1
72,2023-04-26,496,SKU-37178,6
73,2023-11-07,206,SKU-72849,10
74,2023-11-12,93,SKU-94109,3
75,2023-04-06,29,SKU-22668,3
76,2023-10-20,180,SKU-68873,2
77,2023-10-25,33,SKU-56364,7
78,2023-04-14,304,SKU-37873,7
79,2023-10-18,487,SKU-47207,6
80,2023-10-18,415,SKU-19189,8
81,2023-07-06,286,SKU-25095,5
82,2023-11-22,3,SKU-97371,8
83,2023-08-16,238,SKU-49210,3
84,2023-05-23,383,SKU-47207,7
85,2023-07-04,152,SKU-19189,7
86,2023-04-04,157,SKU-36297,1
87,2023-02-10,73,SKU-94109,9
88,2023-01-14,359,SKU-11521,4
89,2023-11-08,336,SKU-72688,7
90,2023-03-24,449,SKU-21352,8
91,2023-12-07,330,SKU-36297,3
92,2023-05-27,131,SKU-19189,10
93,2023-07-19,76,SKU-54960,4
94,2023-11-05,97,SKU-47207,4
95,2023-10-11,74,SKU-49210,5
96,2023-06-29,424,SKU-53822,10
97,2023-04-05,130,SKU-50055,3
98,2023-09-30,305,SKU-67575,1
99,2023-09-07,65,SKU-50055,4
100,2023-09-25,234,SKU-79560,2
101,2023-11-24,316,SKU-30676,2
102,2023-06-18,213,SKU-54960,4
103,2023-07-22,330,SKU-35933,3
104,2023-08-01,224,SKU-54960,10
105,2023-12-19,390,SKU-53822,9
106,2023-07-10,93,SKU-19189,6
107,2023-01-11,468,SKU-30676,7
108,2023-08-24,81,SKU-68595,6
109,2023-04-08,19,SKU-25095,8
110,2023-12-03,141,SKU-68873,3
111,2023-01-14,142,SKU-30676,10
112,2023-12-20,108,SKU-47207,2
113,2023-03-11,284,SKU-30676,2
114,2023-06-25,467,SKU-74214,2
115,2023-11-25,374,SKU-28878,2
116,2023-08-13,401,SKU-53822,8
117,2023-01-25,499,SKU-20895,10
118,2023-04-30,489,SKU-67575,1
119,2023-01-10,283,SKU-28878,3
120,2023-12-13,333,SKU-56364,3
121,2023-04-02,498,SKU-56131,3
122,2023-04-07,7,SKU-73390,7
123,2023-10-15,406,SKU-59806,9
124,2023-04-28,399,SKU-10344,4
125,2023-04-29,194,SKU-56364,10
126,2023-12-06,224,SKU-47207,2
127,2023-05-11,390,SKU-54960,5
128,2023-10-21,306,SKU-67575,2
129,2023-03-03,156,SKU-99850,3
130,2023-11-09,165,SKU-10889,6
131,2023-10-17,86,SKU-54960,6
132,2023-10-06,447,SKU-67575,5
133,2023-10-28,284,SKU-47220,8
134,2023-02-20,342,SKU-47220,1
135,2023-06-20,69,SKU-53822,1
136,2023-07-11,165,SKU-77662,2
137,2023-04-29,333,SKU-46571,2
138,2023-07-07,29,SKU-26147,9
139,2023-10-12,170,SKU-25095,10
140,2023-07-13,74,SKU-94109,8
141,2023-02-23,74,SKU-25929,8
142,2023-02-13,233,SKU-77662,9
143,2023-07-29,128,SKU-20895,7
144,2023-09-08,48,SKU-56364,5
145,2023-10-27,321,SKU-72688,10
146,2023-11-24,44,SKU-53822,1
147,2023-08-07,291,SKU-37178,9
148,2023-10-16,166,SKU-94109,7
149,2023-11-04,175,SKU-35933,4
150,2023-05-12,65,SKU-68595,9
151,2023-07-18,292,SKU-99850,1
152,2023-03-12,344,SKU-59736,3
153,2023-01-15,223,SKU-10344,3
154,2023-06-16,101,SKU-49210,10
155,2023-02-18,54,SKU-30676,3
156,2023-01-08,418,SKU-73390,8
157,2023-09-06,487,SKU-26147,1
158,2023-03-05,476,SKU-46571,4
159,2023-09-08,213,SKU-53822,8
160,2023-08-25,450,SKU-26460,3
161,2023-04-29,193,SKU-47207,9
162,2023-01-21,341,SKU-72849,10
163,2023-08-18,45,SKU-79560,4
164,2023-03-16,416,SKU-91071,5
165,2023-03-27,317,SKU-35933,4
166,2023-03-05,12,SKU-59806,8
167,2023-12-14,323,SKU-54960,3
168,2023-08-03,273,SKU-11521,2
169,2023-10-22,9,SKU-25095,6
170,2023-03-29,480,SKU-25095,7
171,2023-01-13,472,SKU-94109,4
172,2023-02-23,347,SKU-37873,2
173,2023-02-25,149,SKU-20895,1
174,2023-08-02,133,SKU-53822,1
175,2023-04-10,9,SKU-68873,10
176,2023-08-10,265,SKU-50582,8
177,2023-09-07,312,SKU-94109,8
178,2023-06-10,451,SKU-30676,1
179,2023-07-04,49,SKU-36297,2
180,2023-06-12,152,SKU-79560,8
181,2023-08-22,150,SKU-50055,9
182,2023-10-16,471,SKU-59736,4
183,2023-11-06,445,SKU-19290,6
184,2023-03-07,499,SKU-53822,5
185,2023-06-04,295,SKU-20895,5
186,2023-05-03,239,SKU-25095,1
187,2023-03-18,193,SKU-53822,9
188,2023-01-10,249,SKU-72688,2
189,2023-08-18,232,SKU-92162,2
190,2023-12-19,18,SKU-31191,1
191,2023-06-04,143,SKU-92162,10
192,2023-07-19,448,SKU-30274,8
193,2023-07-17,412,SKU-56131,9
194,2023-07-14,179,SKU-50582,6
195,2023-05-08,261,SKU-25929,9
196,2023-03-18,9,SKU-94109,1
197,2023-09-14,21,SKU-69331,1
198,2023-10-06,481,SKU-97371,3
199,2023-05-14,30,SKU-30676,2
200,2023-06-28,400,SKU-56364,4
201,2023-01-01,71,SKU-31191,1
202,2023-02-17,175,SKU-49210,3
203,2023-10-11,426,SKU-10889,5
204,2023-02-18,175,SKU-25095,6
205,2023-04-27,474,SKU-72849,1
206,2023-10-10,392,SKU-11521,3
207,2023-05-17,325,SKU-25095,8
208,2023-02-24,13,SKU-10889,3
209,2023-08-05,282,SKU-56131,2
210,2023-11-24,398,SKU-56364,1
211,2023-09-16,152,SKU-86759,2
212,2023-06-15,175,SKU-56364,10
213,2023-01-30,268,SKU-79560,4
214,2023-06-24,343,SKU-26147,7
215,2023-02-02,233,SKU-53822,5
216,2023-03-26,275,SKU-36297,8
217,2023-09-26,145,SKU-50582,1
218,2023-04-12,208,SKU-31191,6
219,2023-10-01,330,SKU-77662,7
220,2023-05-19,162,SKU-46571,1
221,2023-04-16,326,SKU-20568,6
222,2023-08-03,445,SKU-94109,2
223,2023-05-14,263,SKU-68595,8
224,2023-10-20,75,SKU-73390,4
225,2023-12-23,127,SKU-19189,9
226,2023-10-02,476,SKU-37178,5
227,2023-04-27,377,SKU-20895,3
228,2023-10-19,97,SKU-56364,4
229,2023-04-05,47,SKU-56364,1
230,2023-01-14,197,SKU-92162,8
231,2023-01-15,289,SKU-19290,7
232,2023-11-20,231,SKU-91071,7
233,2023-05-26,391,SKU-37178,5
234,2023-01-01,248,SKU-68873,4
235,2023-02-07,171,SKU-20568,2
236,2023-05-18,151,SKU-74214,4
237,2023-01-10,279,SKU-30676,10
238,2023-11-18,310,SKU-36297,9
239,2023-12-02,232,SKU-94109,3
240,2023-03-13,237,SKU-68595,3
241,2023-01-17,386,SKU-59736,4
242,2023-10-01,22,SKU-37873,4
243,2023-10-11,376,SKU-91071,3
244,2023-12-16,471,SKU-30274,9
245,2023-06-08,108,SKU-10889,2
246,2023-12-24,128,SKU-68873,3
247,2023-08-21,4,SKU-47207,3
248,2023-08-16,124,SKU-68595,3
249,2023-07-11,265,SKU-97371,2
250,2023-07-22,55,SKU-47220,10
251,2023-06-24,64,SKU-91071,3
252,2023-05-26,254,SKU-72849,9
253,2023-01-23,119,SKU-50582,2
254,2023-02-26,71,SKU-50582,1
255,2023-02-24,398,SKU-47207,7
256,2023-12-09,176,SKU-19290,1
257,2023-09-01,499,SKU-19290,10
258,2023-09-20,461,SKU-22668,1
259,2023-05-12,139,SKU-36297,10
260,2023-10-06,484,SKU-35933,1
261,2023-01-01,128,SKU-46571,3
262,2023-09-21,126,SKU-91071,8
263,2023-12-03,32,SKU-36297,6
264,2023-06-04,364,SKU-20895,6
265,2023-12-16,245,SKU-26460,6
266,2023-10-16,395,SKU-36297,5
267,2023-06-09,181,SKU-68595,9
268,2023-02-08,303,SKU-50055,3
269,2023-06-08,124,SKU-72688,10
270,2023-01-19,320,SKU-54960,6
271,2023-07-12,237,SKU-67575,9
272,2023-12-06,197,SKU-69331,4
273,2023-04-24,110,SKU-49210,2
274,2023-11-01,11,SKU-54960,7
275,2023-12-17,114,SKU-67575,10
276,2023-09-04,348,SKU-26147,7
277,2023-11-11,314,SKU-46571,7
278,2023-12-14,254,SKU-67575,8
279,2023-03-19,352,SKU-54960,8
280,2023-12-30,326,SKU-47207,7
281,2023-05-04,422,SKU-20895,7
282,2023-12-10,452,SKU-20568,1
283,2023-05-20,365,SKU-68595,6
284,2023-09-21,246,SKU-49210,7
285,2023-12-09,412,SKU-49210,5
286,2023-05-18,274,SKU-10889,3
287,2023-06-26,211,SKU-30274,10
288,2023-03-26,406,SKU-99850,9
289,2023-04-10,60,SKU-92162,1
290,2023-12-17,68,SKU-26460,10
291,2023-11-20,478,SKU-50582,6
292,2023-08-29,109,SKU-49210,8
293,2023-10-04,434,SKU-35933,9
294,2023-05-20,456,SKU-20568,1
295,2023-04-12,138,SKU-46571,3
296,2023-09-07,160,SKU-47207,8
297,2023-02-20,247,SKU-10344,1
298,2023-09-30,220,SKU-68873,9
299,2023-01-15,39,SKU-19189,2
300,2023-11-12,339,SKU-19189,5
301,2023-11-03,473,SKU-19290,5
302,2023-08-06,20,SKU-56364,10
303,2023-01-26,402,SKU-92162,7
304,2023-06-25,458,SKU-26460,6
305,2023-07-12,380,SKU-97371,3
306,2023-01-01,454,SKU-68595,3
307,2023-04-14,305,SKU-72688,7
308,2023-05-14,235,SKU-37178,4
309,2023-11-14,105,SKU-68595,1
310,2023-03-12,373,SKU-26460,9
311,2023-07-25,67,SKU-72688,7
312,2023-09-28,394,SKU-53822,7
313,2023-11-06,382,SKU-36297,10
314,2023-01-07,419,SKU-31191,2
315,2023-08-30,202,SKU-22668,8
316,2023-04-17,162,SKU-26460,8
317,2023-12-04,248,SKU-49210,9
318,2023-05-14,477,SKU-37178,1
319,2023-03-13,455,SKU-47220,1
320,2023-06-08,397,SKU-54960,5
321,2023-04-20,335,SKU-30274,5
322,2023-02-19,72,SKU-73390,1
323,2023-06-28,309,SKU-68595,9
324,2023-04-22,441,SKU-73390,6
325,2023-11-01,90,SKU-97371,4
326,2023-03-11,101,SKU-37873,2
327,2023-06-25,358,SKU-37178,5
328,2023-04-14,72,SKU-72849,9
329,2023-11-30,205,SKU-56364,1
330,2023-02-28,160,SKU-19290,8
331,2023-10-30,416,SKU-50582,7
332,2023-06-19,77,SKU-68595,4
333,2023-01-22,24,SKU-35933,6
334,2023-07-04,283,SKU-21352,6
335,2023-12-16,387,SKU-91071,4
336,2023-09-01,158,SKU-91071,7
337,2023-08-02,47,SKU-31191,2
338,2023-11-10,342,SKU-99850,1
339,2023-09-17,279,SKU-31191,3
340,2023-10-21,62,SKU-37873,8
341,2023-06-13,249,SKU-25929,7
342,2023-06-19,54,SKU-31191,8
343,2023-05-28,46,SKU-47207,5
344,2023-10-19,394,SKU-94109,8
345,2023-03-16,458,SKU-59736,2
346,2023-01-23,438,SKU-22668,6
347,2023-03-28,472,SKU-50582,9
348,2023-12-26,120,SKU-92162,9
349,2023-02-09,66,SKU-53822,6
350,2023-04-27,303,SKU-25929,7
351,2023-04-22,111,SKU-42823,8
352,2023-10-29,38,SKU-30676,2
353,2023-06-19,434,SKU-35933,6
354,2023-01-29,342,SKU-19290,1
355,2023-03-21,32,SKU-68595,2
356,2023-07-20,396,SKU-91071,7
357,2023-03-25,430,SKU-25095,7
358,2023-09-14,327,SKU-11521,3
359,2023-08-07,250,SKU-37178,6
360,2023-09-09,238,SKU-37178,3
361,2023-06-06,183,SKU-77662,2
362,2023-04-16,65,SKU-42823,8
363,2023-11-15,233,SKU-86759,9
364,2023-12-30,499,SKU-79560,7
365,2023-05-19,475,SKU-47207,7
366,2023-10-16,164,SKU-26147,3
367,2023-08-23,443,SKU-10344,3
368,2023-11-10,116,SKU-92162,10
369,2023-11-16,255,SKU-86759,10
370,2023-10-07,403,SKU-49210,2
371,2023-04-09,24,SKU-46571,9
372,2023-10-21,113,SKU-10889,7
373,2023-01-14,3,SKU-69331,3
374,2023-02-22,423,SKU-56131,10
375,2023-12-31,452,SKU-37873,1
376,2023-08-29,399,SKU-86759,9
377,2023-07-14,71,SKU-26460,8
378,2023-08-23,395,SKU-68595,9
379,2023-07-26,348,SKU-35933,7
380,2023-01-28,376,SKU-99850,7
381,2023-07-15,152,SKU-10344,4
382,2023-07-24,360,SKU-94109,10
383,2023-05-21,477,SKU-46571,5
384,2023-04-15,141,SKU-28878,4
385,2023-09-17,373,SKU-79560,6
386,2023-03-27,145,SKU-30274,1
387,2023-09-13,223,SKU-56364,1
388,2023-01-09,383,SKU-56364,9
389,2023-09-28,170,SKU-97371,3
390,2023-09-28,102,SKU-53822,10
391,2023-07-13,124,SKU-53822,5
392,2023-08-01,426,SKU-31191,10
393,2023-10-06,47,SKU-30676,2
394,2023-02-26,11,SKU-37178,6
395,2023-06-14,202,SKU-91071,8
396,2023-02-12,235,SKU-94109,1
397,2023-04-27,319,SKU-42823,7
398,2023-11-02,142,SKU-92162,5
399,2023-03-17,206,SKU-36297,7
400,2023-08-28,141,SKU-50582,5
401,2023-03-29,155,SKU-22668,5
402,2023-02-19,288,SKU-47207,9
403,2023-06-29,481,SKU-30274,3
404,2023-12-31,385,SKU-97371,6
405,2023-04-19,290,SKU-31191,9
406,2023-07-09,454,SKU-36297,3
407,2023-06-22,298,SKU-37873,2
408,2023-08-29,416,SKU-72849,7
409,2023-02-24,244,SKU-67575,9
410,2023-11-11,130,SKU-10344,9
411,2023-07-30,89,SKU-67575,1
412,2023-02-27,86,SKU-72688,6
413,2023-04-28,444,SKU-86759,9
414,2023-01-09,40,SKU-56364,3
415,2023-04-04,93,SKU-69331,2
416,2023-02-28,53,SKU-59736,1
417,2023-06-13,500,SKU-37178,9
418,2023-12-10,183,SKU-54960,9
419,2023-11-16,125,SKU-21352,6
420,2023-04-08,409,SKU-53822,7
421,2023-08-01,463,SKU-19290,9
422,2023-04-02,151,SKU-47220,5
423,2023-01-02,180,SKU-42823,8
424,2023-06-17,498,SKU-37178,7
425,2023-07-28,145,SKU-10344,6
426,2023-01-18,238,SKU-67575,3
427,2023-06-14,422,SKU-30274,8
428,2023-07-05,234,SKU-53822,1
429,2023-05-30,97,SKU-97371,6
430,2023-04-04,40,SKU-50582,8
431,2023-11-08,459,SKU-49210,8
432,2023-02-01,420,SKU-21352,10
433,2023-10-09,10,SKU-72849,3
434,2023-11-07,87,SKU-37178,9
435,2023-05-30,398,SKU-86759,2
436,2023-10-06,301,SKU-56131,6
437,2023-01-22,19,SKU-99850,7
438,2023-01-19,257,SKU-56131,10
439,2023-08-05,150,SKU-47220,8
440,2023-05-09,129,SKU-19189,10
441,2023-03-31,188,SKU-97371,3
442,2023-05-20,374,SKU-74214,8
443,2023-02-20,278,SKU-28878,4
444,2023-12-18,369,SKU-30676,2
445,2023-09-17,429,SKU-26460,8
446,2023-03-06,171,SKU-72688,4
447,2023-04-25,298,SKU-59806,4
448,2023-08-24,87,SKU-26460,4
449,2023-08-20,179,SKU-47220,9
450,2023-02-18,331,SKU-50582,9
451,2023-10-07,421,SKU-20568,3
452,2023-07-31,148,SKU-46571,1
453,2023-02-13,416,SKU-99850,10
454,2023-05-12,214,SKU-50582,7
455,2023-07-13,38,SKU-37178,6
456,2023-12-20,227,SKU-86759,7
457,2023-03-10,458,SKU-79560,1
458,2023-06-05,433,SKU-56364,9
459,2023-04-02,446,SKU-31191,2
460,2023-08-18,433,SKU-35933,9
461,2023-08-22,53,SKU-30274,6
462,2023-03-17,63,SKU-11521,10
463,2023-11-09,428,SKU-56364,9
464,2023-07-13,413,SKU-50055,7
465,2023-10-19,130,SKU-30274,10
466,2023-06-07,345,SKU-69331,1
467,2023-05-15,217,SKU-11521,3
468,2023-04-25,339,SKU-30676,4
469,2023-04-01,136,SKU-59736,6
470,2023-08-27,360,SKU-21352,1
471,2023-10-24,248,SKU-56131,4
472,2023-05-12,177,SKU-92162,8
473,2023-09-21,493,SKU-79560,9
474,2023-04-09,271,SKU-30274,9
475,2023-08-19,426,SKU-56364,6
476,2023-01-02,344,SKU-36297,1
477,2023-11-28,189,SKU-11521,6
478,2023-04-22,310,SKU-25929,2
479,2023-06-16,265,SKU-67575,8
480,2023-04-09,248,SKU-21352,4
481,2023-07-28,129,SKU-72849,3
482,2023-07-30,226,SKU-77662,2
483,2023-01-06,446,SKU-53822,8
484,2023-07-02,302,SKU-30676,10
485,2023-09-12,393,SKU-31191,1
486,2023-06-23,235,SKU-11521,10
487,2023-11-14,86,SKU-20568,2
488,2023-08-25,67,SKU-26460,7
489,2023-09-28,130,SKU-30274,3
490,2023-09-27,385,SKU-11521,2
491,2023-09-25,484,SKU-49210,9
492,2023-04-02,14,SKU-31191,6
493,2023-12-13,316,SKU-37873,1
494,2023-04-17,488,SKU-59806,2
495,2023-05-01,291,SKU-92162,4
496,2023-11-16,422,SKU-37178,9
497,2023-03-01,383,SKU-22668,1
498,2023-03-30,165,SKU-26460,1
499,2023-01-06,22,SKU-30676,10
500,2023-09-22,235,SKU-37178,8
501,2023-06-08,161,SKU-30676,8
502,2023-05-28,104,SKU-10889,1
503,2023-06-16,75,SKU-86759,9
504,2023-12-14,283,SKU-37178,8
505,2023-05-30,27,SKU-86759,2
506,2023-11-13,28,SKU-20895,2
507,2023-12-14,238,SKU-59736,3
508,2023-11-13,133,SKU-11521,4
509,2023-02-10,376,SKU-59736,1
510,2023-08-05,4,SKU-54960,5
511,2023-01-29,16,SKU-25095,5
512,2023-11-23,357,SKU-25095,1
513,2023-03-21,77,SKU-10889,3
514,2023-01-25,157,SKU-25095,4
515,2023-06-28,89,SKU-35933,3
516,2023-03-26,449,SKU-72688,7
517,2023-02-17,340,SKU-50582,7
518,2023-12-28,454,SKU-46571,8
519,2023-03-21,184,SKU-50582,9
520,2023-10-09,32,SKU-47207,5
521,2023-01-18,419,SKU-20568,3
522,2023-02-20,455,SKU-77662,1
523,2023-05-12,146,SKU-56364,9
524,2023-02-28,277,SKU-56131,7
525,2023-08-31,441,SKU-11521,1
526,2023-02-04,172,SKU-10344,2
527,2023-12-24,100,SKU-10889,8
528,2023-04-03,65,SKU-36297,5
529,2023-07-27,438,SKU-19189,1
530,2023-04-08,155,SKU-20568,3
531,2023-03-06,273,SKU-47220,1
532,2023-03-29,135,SKU-91071,6
533,2023-08-21,269,SKU-53822,7
534,2023-10-05,262,SKU-86759,7
535,2023-07-20,300,SKU-72849,9
536,2023-04-15,341,SKU-47220,3
537,2023-01-02,229,SKU-59736,10
538,2023-03-13,481,SKU-73390,1
539,2023-02-05,7,SKU-74214,1
540,2023-01-10,317,SKU-46571,2
541,2023-07-01,349,SKU-10344,5
542,2023-09-10,73,SKU-25095,8
543,2023-05-07,237,SKU-37178,4
544,2023-04-19,115,SKU-31191,7
545,2023-04-03,453,SKU-72849,4
546,2023-11-17,175,SKU-31191,8
547,2023-10-10,251,SKU-37178,6
548,2023-03-04,187,SKU-79560,1
549,2023-05-17,14,SKU-36297,1
550,2023-06-17,342,SKU-73390,6
551,2023-04-20,267,SKU-50055,10
552,2023-07-27,40,SKU-99850,8
553,2023-09-08,176,SKU-92162,4
554,2023-01-20,302,SKU-92162,7
555,2023-04-12,307,SKU-49210,2
556,2023-11-10,17,SKU-91071,6
557,2023-08-31,153,SKU-46571,10
558,2023-07-28,383,SKU-97371,1
559,2023-02-09,249,SKU-56364,2
560,2023-08-07,444,SKU-67575,6
561,2023-05-12,131,SKU-92162,3
562,2023-11-13,201,SKU-72688,2
563,2023-11-13,114,SKU-56364,5
564,2023-07-03,487,SKU-69331,7
565,2023-10-18,125,SKU-11521,2
566,2023-05-19,237,SKU-47220,9
567,2023-07-15,237,SKU-25095,1
568,2023-04-28,12,SKU-69331,9
569,2023-03-25,231,SKU-91071,8
570,2023-08-25,127,SKU-26460,2
571,2023-04-22,459,SKU-30676,8
572,2023-09-29,82,SKU-37873,1
573,2023-04-02,25,SKU-92162,6
574,2023-02-13,417,SKU-19189,10
575,2023-04-09,329,SKU-94109,9
576,2023-03-29,341,SKU-10889,6
577,2023-02-07,289,SKU-31191,4
578,2023-02-10,149,SKU-99850,5
579,2023-10-01,484,SKU-46571,5
580,2023-01-19,320,SKU-37178,6
581,2023-09-18,258,SKU-94109,2
582,2023-09-03,201,SKU-22668,6
583,2023-03-07,180,SKU-86759,3
584,2023-04-20,379,SKU-59806,9
585,2023-04-25,191,SKU-79560,7
586,2023-02-18,196,SKU-79560,7
587,2023-11-04,339,SKU-77662,6
588,2023-11-10,396,SKU-26147,8
589,2023-06-18,272,SKU-36297,1
590,2023-09-25,43,SKU-59736,1
591,2023-03-04,165,SKU-97371,3
592,2023-11-24,114,SKU-94109,8
593,2023-12-22,35,SKU-10889,3
594,2023-07-03,468,SKU-25095,4
595,2023-10-12,280,SKU-30676,2
596,2023-12-10,440,SKU-50582,5
597,2023-11-22,402,SKU-68595,3
598,2023-06-18,361,SKU-37178,3
599,2023-07-19,419,SKU-25929,10
600,2023-06-02,177,SKU-30676,7
601,2023-08-12,8,SKU-20895,4
602,2023-08-23,247,SKU-22668,3
603,2023-09-02,488,SKU-31191,3
604,2023-09-16,97,SKU-30676,2
605,2023-07-13,269,SKU-50582,8
606,2023-10-23,287,SKU-74214,4
607,2023-05-23,163,SKU-72688,4
608,2023-03-11,55,SKU-10344,7
609,2023-11-24,500,SKU-37178,9
610,2023-09-26,426,SKU-25095,7
611,2023-07-01,185,SKU-36297,1
612,2023-10-11,153,SKU-37178,4
613,2023-01-25,419,SKU-25929,9
614,2023-08-12,286,SKU-35933,2
615,2023-09-28,56,SKU-67575,4
616,2023-05-21,345,SKU-30676,3
617,2023-06-24,353,SKU-21352,9
618,2023-04-13,457,SKU-53822,9
619,2023-11-01,450,SKU-91071,3
620,2023-04-26,382,SKU-30676,2
621,2023-07-21,246,SKU-77662,8
622,2023-05-12,302,SKU-92162,3
623,2023-04-29,366,SKU-50582,8
624,2023-06-01,452,SKU-37178,9
625,2023-11-26,185,SKU-73390,5
626,2023-07-20,19,SKU-67575,9
627,2023-11-29,215,SKU-25095,9
628,2023-01-25,347,SKU-86759,9
629,2023-12-01,433,SKU-20895,2
630,2023-06-16,125,SKU-10889,1
631,2023-04-13,381,SKU-21352,2
632,2023-09-20,125,SKU-74214,1
633,2023-01-03,131,SKU-47207,4
634,2023-02-23,265,SKU-20895,5
635,2023-11-19,456,SKU-74214,8
636,2023-04-18,493,SKU-47220,3
637,2023-06-09,484,SKU-30274,10
638,2023-07-16,462,SKU-74214,5
639,2023-01-17,241,SKU-46571,7
640,2023-11-09,98,SKU-54960,3
641,2023-06-30,323,SKU-47207,8
642,2023-06-11,450,SKU-68873,8
643,2023-10-31,153,SKU-92162,1
644,2023-03-11,418,SKU-56131,7
645,2023-11-12,433,SKU-74214,10
646,2023-09-22,242,SKU-73390,3
647,2023-07-05,176,SKU-28878,9
648,2023-06-12,82,SKU-92162,10
649,2023-02-23,169,SKU-79560,3
650,2023-01-15,3,SKU-59806,7
651,2023-06-09,9,SKU-72849,4
652,2023-09-30,352,SKU-50055,3
653,2023-06-14,237,SKU-79560,7
654,2023-10-06,279,SKU-19290,6
655,2023-08-23,214,SKU-49210,8
656,2023-11-13,221,SKU-97371,5
657,2023-02-22,476,SKU-19189,10
658,2023-12-09,201,SKU-20568,6
659,2023-09-13,370,SKU-30274,4
660,2023-12-14,74,SKU-19290,1
661,2023-01-06,284,SKU-21352,1
662,2023-04-11,151,SKU-47220,10
663,2023-08-31,16,SKU-97371,1
664,2023-01-09,40,SKU-37873,5
665,2023-05-30,482,SKU-69331,6
666,2023-07-13,344,SKU-67575,4
667,2023-06-20,3,SKU-50055,10
668,2023-12-23,409,SKU-72849,6
669,2023-07-10,260,SKU-92162,5
670,2023-07-08,197,SKU-25095,10
671,2023-03-01,375,SKU-10344,5
672,2023-11-10,273,SKU-11521,1
673,2023-02-13,325,SKU-30676,1
674,2023-05-28,139,SKU-50055,9
675,2023-08-12,209,SKU-72688,5
676,2023-03-15,315,SKU-36297,6
677,2023-10-07,157,SKU-25095,4
678,2023-01-26,112,SKU-72688,10
679,2023-05-29,62,SKU-74214,7
680,2023-02-18,146,SKU-97371,2
681,2023-03-20,20,SKU-77662,3
682,2023-10-03,447,SKU-31191,6
683,2023-01-19,211,SKU-50055,9
684,2023-09-18,146,SKU-49210,9
685,2023-09-17,266,SKU-53822,2
686,2023-05-08,53,SKU-74214,7
687,2023-12-01,342,SKU-28878,6
688,2023-05-06,381,SKU-19189,2
689,2023-08-28,164,SKU-91071,2
690,2023-12-04,470,SKU-19290,4
691,2023-11-04,408,SKU-59736,4
692,2023-11-18,341,SKU-92162,1
693,2023-11-07,122,SKU-72849,1
694,2023-12-01,331,SKU-36297,10
695,2023-12-21,121,SKU-54960,10
696,2023-05-28,240,SKU-35933,10
697,2023-07-14,419,SKU-73390,6
698,2023-04-09,317,SKU-22668,2
699,2023-07-11,433,SKU-91071,3
700,2023-08-25,74,SKU-97371,4
701,2023-05-30,334,SKU-50055,2
702,2023-08-15,114,SKU-25095,5
703,2023-06-08,249,SKU-59806,6
704,2023-08-03,16,SKU-56364,1
705,2023-03-20,408,SKU-35933,8
706,2023-04-27,180,SKU-21352,7
707,2023-10-30,465,SKU-59736,7
708,2023-01-05,95,SKU-94109,9
709,2023-08-25,12,SKU-20895,6
710,2023-12-06,485,SKU-69331,7
711,2023-06-17,335,SKU-97371,2
712,2023-03-10,344,SKU-30274,6
713,2023-12-04,248,SKU-50055,10
714,2023-11-29,178,SKU-26147,6
715,2023-08-25,74,SKU-30274,6
716,2023-04-27,237,SKU-26460,10
717,2023-01-29,351,SKU-79560,10
718,2023-07-11,100,SKU-47220,9
719,2023-04-27,277,SKU-19290,3
720,2023-10-04,74,SKU-73390,9
721,2023-04-23,282,SKU-10344,10
722,2023-10-16,125,SKU-20568,6
723,2023-10-16,442,SKU-59736,7
724,2023-12-21,275,SKU-26460,1
725,2023-04-04,126,SKU-30676,3
726,2023-07-04,6,SKU-59736,4
727,2023-04-27,81,SKU-20895,7
728,2023-04-15,379,SKU-21352,6
729,2023-09-26,118,SKU-10889,4
730,2023-02-01,265,SKU-30676,2
731,2023-09-29,321,SKU-26460,9
732,2023-09-04,336,SKU-28878,1
733,2023-10-22,248,SKU-97371,1
734,2023-03-16,480,SKU-94109,9
735,2023-05-12,281,SKU-25929,3
736,2023-10-05,33,SKU-56364,8
737,2023-09-10,252,SKU-26147,10
738,2023-08-22,249,SKU-36297,7
739,2023-09-18,477,SKU-30274,1
740,2023-06-03,80,SKU-94109,10
741,2023-06-29,475,SKU-72688,1
742,2023-02-26,376,SKU-10889,8
743,2023-10-31,370,SKU-53822,8
744,2023-01-15,299,SKU-54960,2
745,2023-05-11,413,SKU-30676,10
746,2023-01-20,121,SKU-59736,6
747,2023-06-27,467,SKU-26147,5
748,2023-07-18,435,SKU-26460,6
749,2023-05-18,357,SKU-79560,7
750,2023-02-11,139,SKU-99850,6
751,2023-03-22,115,SKU-26460,1
752,2023-02-26,314,SKU-42823,4
753,2023-10-22,421,SKU-30274,9
754,2023-11-19,131,SKU-21352,2
755,2023-03-15,183,SKU-42823,3
756,2023-03-01,271,SKU-86759,7
757,2023-07-24,365,SKU-50582,9
758,2023-01-15,280,SKU-37178,4
759,2023-11-20,481,SKU-28878,5
760,2023-08-06,111,SKU-28878,5
761,2023-06-15,421,SKU-42823,5
762,2023-05-05,370,SKU-68873,3
763,2023-04-19,280,SKU-74214,9
764,2023-01-15,211,SKU-92162,5
765,2023-04-23,269,SKU-54960,1
766,2023-08-24,309,SKU-37178,10
767,2023-01-07,281,SKU-97371,9
768,2023-06-28,233,SKU-53822,8
769,2023-04-03,91,SKU-99850,9
770,2023-10-18,208,SKU-69331,5
771,2023-11-29,188,SKU-22668,4
772,2023-08-23,471,SKU-26460,8
773,2023-06-06,18,SKU-56364,10
774,2023-12-20,87,SKU-91071,8
775,2023-01-16,183,SKU-73390,3
776,2023-10-22,166,SKU-20568,10
777,2023-01-03,455,SKU-72849,2
778,2023-03-05,256,SKU-10344,3
779,2023-01-24,418,SKU-37873,8
780,2023-09-24,30,SKU-10344,8
781,2023-04-29,489,SKU-69331,8
782,2023-11-21,495,SKU-94109,2
783,2023-12-13,70,SKU-11521,7
784,2023-09-07,395,SKU-37873,9
785,2023-10-22,250,SKU-19290,9
786,2023-06-29,196,SKU-37178,5
787,2023-04-24,169,SKU-46571,7
788,2023-09-06,273,SKU-30676,5
789,2023-03-16,258,SKU-30274,9
790,2023-11-20,63,SKU-46571,8
791,2023-08-07,374,SKU-42823,2
792,2023-10-08,322,SKU-77662,8
793,2023-01-06,53,SKU-68595,3
794,2023-11-06,399,SKU-28878,10
795,2023-07-12,435,SKU-26460,5
796,2023-04-12,318,SKU-72849,2
797,2023-10-15,368,SKU-11521,5
798,2023-06-28,470,SKU-73390,6
799,2023-07-15,76,SKU-37178,2
800,2023-06-16,422,SKU-19290,7
801,2023-12-18,418,SKU-19290,3
802,2023-08-02,37,SKU-28878,5
803,2023-05-25,217,SKU-49210,7
804,2023-01-01,249,SKU-47220,2
805,2023-11-09,489,SKU-22668,1
806,2023-06-14,325,SKU-49210,5
807,2023-11-14,118,SKU-53822,9
808,2023-08-17,381,SKU-74214,3
809,2023-01-15,111,SKU-56131,10
810,2023-12-03,468,SKU-20895,7
811,2023-09-05,350,SKU-56364,9
812,2023-04-22,68,SKU-10344,6
813,2023-08-10,350,SKU-77662,4
814,2023-01-12,404,SKU-92162,4
815,2023-01-22,73,SKU-79560,4
816,2023-10-07,355,SKU-53822,4
817,2023-08-02,157,SKU-68873,10
818,2023-10-13,82,SKU-47207,5
819,2023-06-08,292,SKU-36297,3
820,2023-03-03,209,SKU-11521,3
821,2023-09-23,148,SKU-47220,7
822,2023-10-06,15,SKU-28878,7
823,2023-04-28,447,SKU-19189,2
824,2023-05-04,495,SKU-49210,3
825,2023-10-04,307,SKU-59806,5
826,2023-02-14,110,SKU-36297,4
827,2023-06-26,345,SKU-37873,1
828,2023-12-24,84,SKU-74214,2
829,2023-07-02,208,SKU-19290,4
830,2023-08-24,47,SKU-91071,2
831,2023-06-30,415,SKU-37178,2
832,2023-04-08,479,SKU-19290,7
833,2023-04-09,412,SKU-22668,2
834,2023-05-26,289,SKU-47220,2
835,2023-03-15,232,SKU-74214,3
836,2023-10-01,138,SKU-37873,4
837,2023-10-11,100,SKU-67575,8
838,2023-12-29,159,SKU-47207,7
839,2023-02-15,443,SKU-28878,1
840,2023-11-16,271,SKU-46571,7
841,2023-06-14,289,SKU-26147,3
842,2023-02-14,362,SKU-19189,8
843,2023-10-01,57,SKU-56131,2
844,2023-03-30,1,SKU-97371,3
845,2023-04-21,286,SKU-74214,9
846,2023-12-06,374,SKU-50055,5
847,2023-06-27,363,SKU-47220,5
848,2023-07-24,435,SKU-68873,2
849,2023-12-04,72,SKU-30274,3
850,2023-03-12,490,SKU-26147,9
851,2023-11-03,249,SKU-35933,10
852,2023-11-19,163,SKU-42823,10
853,2023-01-31,280,SKU-94109,6
854,2023-02-16,416,SKU-59806,7
855,2023-03-23,471,SKU-35933,9
856,2023-04-06,118,SKU-31191,3
857,2023-12-31,24,SKU-37873,1
858,2023-12-27,39,SKU-47220,5
859,2023-07-26,239,SKU-42823,2
860,2023-04-16,27,SKU-94109,8
861,2023-05-07,405,SKU-54960,6
862,2023-02-08,78,SKU-10889,2
863,2023-06-22,27,SKU-22668,4
864,2023-07-03,22,SKU-68873,9
865,2023-06-15,359,SKU-50582,3
866,2023-10-11,94,SKU-46571,9
867,2023-11-18,72,SKU-92162,10
868,2023-06-24,186,SKU-46571,6
869,2023-10-13,112,SKU-77662,2
870,2023-09-26,403,SKU-91071,10
871,2023-12-23,296,SKU-28878,6
872,2023-05-28,220,SKU-10889,10
873,2023-01-12,233,SKU-26460,10
874,2023-02-09,120,SKU-35933,6
875,2023-06-07,206,SKU-94109,9
876,2023-09-05,287,SKU-46571,7
877,2023-08-29,169,SKU-59806,9
878,2023-10-05,72,SKU-50582,7
879,2023-01-01,376,SKU-50055,6
880,2023-06-03,429,SKU-72688,3
881,2023-10-26,346,SKU-53822,2
882,2023-08-03,428,SKU-19189,1
883,2023-01-09,336,SKU-10889,8
884,2023-07-24,315,SKU-21352,9
885,2023-01-19,159,SKU-72849,3
886,2023-05-16,427,SKU-19189,10
887,2023-06-06,415,SKU-20895,3
888,2023-05-20,199,SKU-59736,6
889,2023-12-03,245,SKU-30274,1
890,2023-05-27,428,SKU-46571,6
891,2023-01-15,496,SKU-10344,1
892,2023-04-05,280,SKU-54960,3
893,2023-04-04,322,SKU-20568,6
894,2023-12-23,86,SKU-50582,6
895,2023-08-29,6,SKU-54960,10
896,2023-05-27,48,SKU-54960,1
897,2023-11-26,286,SKU-54960,8
898,2023-03-03,282,SKU-69331,2
899,2023-02-27,485,SKU-56364,5
900,2023-08-14,399,SKU-79560,4
901,2023-08-05,479,SKU-11521,6
902,2023-11-19,65,SKU-67575,3
903,2023-06-25,280,SKU-20568,4
904,2023-12-16,418,SKU-92162,9
905,2023-05-27,16,SKU-25929,7
906,2023-12-27,273,SKU-10889,7
907,2023-03-16,180,SKU-22668,2
908,2023-02-22,84,SKU-37178,4
909,2023-03-18,224,SKU-79560,9
910,2023-08-26,497,SKU-91071,6
911,2023-08-24,272,SKU-10889,4
912,2023-07-10,466,SKU-56364,1
913,2023-06-19,402,SKU-56364,1
914,2023-03-05,282,SKU-21352,4
915,2023-08-01,448,SKU-72849,4
916,2023-01-14,168,SKU-72688,7
917,2023-05-26,481,SKU-28878,8
918,2023-04-22,467,SKU-91071,4
919,2023-02-09,254,SKU-22668,8
920,2023-03-10,416,SKU-73390,2
921,2023-07-03,412,SKU-92162,9
922,2023-02-07,265,SKU-22668,9
923,2023-09-01,81,SKU-97371,4
924,2023-10-15,369,SKU-47220,5
925,2023-06-07,359,SKU-10889,9
926,2023-07-07,181,SKU-59806,4
927,2023-09-30,477,SKU-77662,7
928,2023-07-23,384,SKU-30676,5
929,2023-08-20,31,SKU-21352,4
930,2023-07-28,271,SKU-94109,9
931,2023-12-28,2,SKU-50582,5
932,2023-03-13,239,SKU-69331,4
933,2023-07-05,357,SKU-72849,4
934,2023-12-01,310,SKU-47220,6
935,2023-09-03,372,SKU-74214,2
936,2023-12-04,435,SKU-67575,7
937,2023-12-05,106,SKU-21352,7
938,2023-09-29,13,SKU-37178,2
939,2023-11-14,263,SKU-94109,8
940,2023-07-03,218,SKU-50055,6
941,2023-03-23,83,SKU-47207,6
942,2023-09-08,71,SKU-97371,5
943,2023-08-02,300,SKU-92162,3
944,2023-06-04,478,SKU-31191,3
945,2023-08-18,281,SKU-28878,6
946,2023-04-21,120,SKU-10889,3
947,2023-02-05,353,SKU-30274,6
948,2023-02-01,13,SKU-11521,4
949,2023-01-19,359,SKU-35933,6
950,2023-02-28,312,SKU-69331,1
951,2023-12-08,82,SKU-10889,4
952,2023-12-22,468,SKU-68595,5
953,2023-08-10,440,SKU-35933,4
954,2023-09-14,84,SKU-97371,5
955,2023-06-26,96,SKU-35933,4
956,2023-10-17,244,SKU-59806,3
957,2023-08-08,250,SKU-20568,6
958,2023-05-21,74,SKU-50582,5
959,2023-01-07,459,SKU-42823,7
960,2023-03-04,482,SKU-72688,1
961,2023-11-26,469,SKU-99850,2
962,2023-04-01,86,SKU-19189,8
963,2023-08-12,165,SKU-25929,5
964,2023-12-16,193,SKU-54960,3
965,2023-08-06,128,SKU-36297,5
966,2023-03-17,394,SKU-35933,1
967,2023-03-15,144,SKU-69331,10
968,2023-01-29,211,SKU-31191,4
969,2023-12-01,400,SKU-72849,7
970,2023-12-31,478,SKU-68595,1
971,2023-02-25,63,SKU-28878,6
972,2023-09-10,236,SKU-10889,1
973,2023-11-22,97,SKU-30274,8
974,2023-10-29,220,SKU-79560,3
975,2023-08-17,29,SKU-35933,6
976,2023-01-23,196,SKU-20568,4
977,2023-06-14,421,SKU-91071,1
978,2023-08-14,479,SKU-77662,7
979,2023-11-02,47,SKU-26147,8
980,2023-11-16,267,SKU-46571,4
981,2023-03-03,393,SKU-97371,3
982,2023-08-23,364,SKU-67575,5
983,2023-05-25,417,SKU-53822,4
984,2023-02-11,333,SKU-72849,1
985,2023-11-14,132,SKU-46571,2
986,2023-01-08,203,SKU-56364,5
987,2023-01-19,235,SKU-50582,6
988,2023-09-05,441,SKU-28878,6
989,2023-03-14,66,SKU-10344,9
990,2023-03-30,393,SKU-20895,6
991,2023-07-07,335,SKU-50055,8
992,2023-07-30,419,SKU-73390,4
993,2023-10-29,167,SKU-10344,1
994,2023-03-16,376,SKU-97371,10
995,2023-02-20,319,SKU-92162,8
996,2023-07-11,163,SKU-94109,1
997,2023-06-23,446,SKU-28878,2
998,2023-12-24,253,SKU-59806,5
999,2023-06-24,446,SKU-59806,3
1000,2023-03-27,266,SKU-54960,8
